role,town,id,profession,firm_name,payment_from,payment_to,currency,experience,education,date_published,link,skills
программист,Москва,51826667,Инженер-программист,Википедия,0,0,rub,Без опыта,Не имеет значения,1783152605,https://www.superjob.ru/vakansii/inzhener-programmist-51826667.html,Go
программист,Москва,51826679,Стажёр-разработчик программного обеспечения,Amazon,0,0,rub,Без опыта,Не имеет значения,1783153204,https://www.superjob.ru/vakansii/stazhjor-razrabotchik-programmnogo-obespecheniya-51826679.html,"Python, Java, C++"
программист,Москва,51852881,Инженер-программист,Википедия,0,0,rub,Без опыта,Не имеет значения,1783159503,https://www.superjob.ru/vakansii/inzhener-programmist-51852881.html,Go
программист,Москва,51886527,Стажер разработчик,РБК,0,0,rub,Без опыта,Не имеет значения,1783178145,https://www.superjob.ru/vakansii/stazher-razrabotchik-51886527.html,
программист,Москва,51863706,"Стажер-программист, специализирующийся на потоковых алгоритмах",Netflix,0,0,rub,От 1 года,Не имеет значения,1783164053,https://www.superjob.ru/vakansii/stazher-programmist-51863706.html,Go
программист,Москва,51921335,Ведущий java-разработчик,Мах (Team VK company),0,0,rub,От 1 года,Не имеет значения,1783155341,https://www.superjob.ru/vakansii/veduschij-java-razrabotchik-51921335.html,"Java, SQL, PostgreSQL"
программист,Москва,52008995,Инженер-программист C++,Figma,0,0,rub,От 3 лет,Не имеет значения,1783163190,https://www.superjob.ru/vakansii/inzhener-programmist-c-52008995.html,"Python, Java, JavaScript, TypeScript, C++, Go, React"
программист,Москва,51933255,Программист в отдел web-проектов,Коммерсантъ,0,0,rub,От 1 года,Не имеет значения,1783175799,https://www.superjob.ru/vakansii/programmist-v-otdel-web-proektov-51933255.html,"Java, JavaScript, TypeScript, C#, SQL, Azure"
программист,Москва,51994474,Стажёр C#-разработчик,OZON: Старт карьеры,0,0,rub,Без опыта,Не имеет значения,1783174805,https://www.superjob.ru/vakansii/stazhjor-c-51994474.html,"C#, SQL, PostgreSQL"
программист,Москва,52018052,Backend-разработчик стажер,VK: Старт карьеры,0,0,rub,Без опыта,Не имеет значения,1782897164,https://www.superjob.ru/vakansii/backend-razrabotchik-stazher-52018052.html,"Go, PHP"
программист,Москва,52023629,Java-разработчик в команду DataTransfer стажер,VK: Старт карьеры,0,0,rub,Без опыта,Не имеет значения,1782989629,https://www.superjob.ru/vakansii/java-razrabotchik-v-komandu-datatransfer-stazher-52023629.html,"Java, C++, Go, Docker, Kafka"
программист,Москва,50645365,Инженер-программист 1 категории (управления 453),РЕШЕТНЁВ,250000,0,rub,От 3 лет,Не имеет значения,1783151728,https://www.superjob.ru/vakansii/inzhener-programmist-1-kategorii-50645365.html,
программист,Москва,51690690,Военнослужащий по контракту (Спецконтракт/оператор БПЛА/программист/робототехник/Барс),СТОПФАЕР,254000,0,rub,Без опыта,Не имеет значения,1783149776,https://www.superjob.ru/vakansii/voennosluzhaschij-po-kontraktu-51690690.html,
программист,Москва,45734992,Инженер-технолог (программист),Импульс,133700,133700,rub,От 3 лет,Не имеет значения,1783146303,https://www.superjob.ru/vakansii/inzhener-tehnolog-45734992.html,
программист,Москва,51937134,Программист MS SQL/Delphi (Middle),Холдинг Major,150000,0,rub,От 3 лет,Не имеет значения,1783002009,https://www.superjob.ru/vakansii/programmist-ms-sql-51937134.html,SQL
программист,Москва,51145264,Разработчик 1С (Усть-Луга),Международный EPC-проект Генеральный подрядчик,110000,120000,rub,От 1 года,Среднее специальное,1783150535,https://www.superjob.ru/vakansii/razrabotchik-1s-51145264.html,"Python, Java, JavaScript, C++, Swift, 1С, SQL"
программист,Москва,52030540,Младший разработчик .NET,КРОК,0,0,rub,Без опыта,Не имеет значения,1782816171,https://www.superjob.ru/vakansii/mladshij-razrabotchik-52030540.html,"C#, SQL, Git"
программист,Москва,52030544,Стажер-разработчик (CRM),КРОК,0,0,rub,Без опыта,Не имеет значения,1782816152,https://www.superjob.ru/vakansii/stazher-razrabotchik-52030544.html,"Java, C#, SQL, Git"
программист,Москва,52030634,Стажер-разработчик DWH/ETL/Big Data,КРОК,0,0,rub,Без опыта,Не имеет значения,1782816134,https://www.superjob.ru/vakansii/stazher-razrabotchik-dwh-52030634.html,"Python, Java, SQL, PostgreSQL"
программист,Москва,52042515,"Golang Developer, SC-Core + Services, Golang разработчик",Aliexpress,0,0,rub,От 1 года,Не имеет значения,1782732186,https://www.superjob.ru/vakansii/golang-developer-52042515.html,"Go, SQL, PostgreSQL, Docker, Kubernetes, CI/CD, Redis, Kafka"
программист,Москва,52017185,"Инженера-проектировщика (ОВ, ВК, АПТ)",ПК «ШАРК»,70000,70000,rub,Без опыта,Не имеет значения,1782889719,https://www.superjob.ru/vakansii/inzhenera-proektirovschika-52017185.html,
программист,Москва,46310254,Инженер-конструктор,УЗТПА,120000,0,rub,От 1 года,Высшее,1783152303,https://www.superjob.ru/vakansii/inzhener-konstruktor-46310254.html,
программист,Москва,42768170,Инженер-проектировщик слаботочных систем,Стандарт безопасности,100000,0,rub,От 3 лет,Не имеет значения,1782818406,https://www.superjob.ru/vakansii/inzhener-proektirovschik-slabotochnyh-sistem-42768170.html,
программист,Москва,50644150,Проектировщик ЭМ (кабельных систем обогрева антилёд),"ДК ""СтройГрупп""",140000,0,rub,От 3 лет,Не имеет значения,1782730566,https://www.superjob.ru/vakansii/proektirovschik-em-50644150.html,
программист,Москва,50925904,Инженер-проектировщик,СК Система,125000,0,rub,От 1 года,Высшее,1782719103,https://www.superjob.ru/vakansii/inzhener-proektirovschik-50925904.html,
программист,Москва,50929714,Инженер-проектировщик архитектурных и конструктивных решений,Международный аэропорт Внуково,0,0,rub,От 1 года,Не имеет значения,1783169340,https://www.superjob.ru/vakansii/inzhener-proektirovschik-arhitekturnyh-i-konstruktivnyh-reshenij-50929714.html,
программист,Москва,51658309,"Инженер-конструктор (подвесные потолки, НВФ навесные вентилируемые фасады)",Эрдал групп,180000,0,rub,От 3 лет,Не имеет значения,1782983404,https://www.superjob.ru/vakansii/inzhener-konstruktor-51658309.html,
программист,Москва,51959584,Ведущий инженер-проектировщик ВК (водопровод и канализация),Инжиниринговый холдинг «эВ-групп»,160000,180000,rub,От 3 лет,Не имеет значения,1783171992,https://www.superjob.ru/vakansii/veduschij-inzhener-proektirovschik-vk-51959584.html,
программист,Москва,51959684,"Главный эксперт проектировщик ЭОМ, ЭС, ЭН, ЭО",Инжиниринговый холдинг «эВ-групп»,0,215000,rub,От 6 лет,Не имеет значения,1783170392,https://www.superjob.ru/vakansii/glavnyj-ekspert-proektirovschik-eom-51959684.html,
программист,Москва,51959734,Ведущий инженер проектировщик ЭОМ,Инжиниринговый холдинг «эВ-групп»,0,170000,rub,От 3 лет,Не имеет значения,1783171916,https://www.superjob.ru/vakansii/veduschij-inzhener-proektirovschik-eom-51959734.html,
программист,Москва,51981557,Инженер-метролог / конструктор в ОСМиК,Союзцветметавтоматика им. Топчаева В. П.,55000,0,rub,От 1 года,Не имеет значения,1783082104,https://www.superjob.ru/vakansii/inzhener-metrolog-51981557.html,
программист,Москва,52023566,Заместитель главного конструктора отдела тепловых источников тока,"Научно-Производственное предприятие ""Квант""",0,0,rub,От 6 лет,Не имеет значения,1783159362,https://www.superjob.ru/vakansii/zamestitel-glavnogo-konstruktora-otdela-teplovyh-istochnikov-toka-52023566.html,
программист,Москва,52038482,Проектировщик,Викей,0,0,rub,Без опыта,Не имеет значения,1783088403,https://www.superjob.ru/vakansii/proektirovschik-52038482.html,
программист,Москва,52044722,Инженер-конструктор печатных плат,"«Особое конструкторское бюро Московского энергетического института» (АО ""ОКБ МЭИ"")",0,130000,rub,От 1 года,Не имеет значения,1783149848,https://www.superjob.ru/vakansii/inzhener-konstruktor-pechatnyh-plat-52044722.html,
программист,Москва,45706439,Инженер-проектировщик тепловых сетей,ПБ ВОДОЛЕЙ,140000,170000,rub,От 3 лет,Не имеет значения,1782807765,https://www.superjob.ru/vakansii/inzhener-proektirovschik-teplovyh-setej-45706439.html,
программист,Москва,52054742,Инженер-конструктор (обследование конструкций),ИГИТ,110000,0,rub,От 1 года,Не имеет значения,1782742992,https://www.superjob.ru/vakansii/inzhener-konstruktor-52054742.html,
программист,Москва,51658027,Инженер-конструктор ПТО,"ФИРМА ""ГАЗКОМПЛЕКТ""",90000,120000,rub,От 1 года,Не имеет значения,1783059904,https://www.superjob.ru/vakansii/inzhener-konstruktor-pto-51658027.html,
программист,Москва,52058946,Ведущий инженер-конструктор по арматуре,"ФИРМА ""ГАЗКОМПЛЕКТ""",120000,0,rub,От 3 лет,Высшее,1782708860,https://www.superjob.ru/vakansii/veduschij-inzhener-konstruktor-po-armature-52058946.html,
программист,Москва,48813593,Инженер-проектировщик,РЕМЭНЕРГО,150000,190000,rub,От 1 года,Высшее,1782899106,https://www.superjob.ru/vakansii/inzhener-proektirovschik-48813593.html,
программист,Москва,51863773,Стажер-инженер-аналитик,Netflix,0,0,rub,Без опыта,Не имеет значения,1783174002,https://www.superjob.ru/vakansii/stazher-inzhener-analitik-51863773.html,"Python, Java, SQL"
программист,Москва,52008972,Ивент-менеджер,Figma,0,0,rub,От 3 лет,Не имеет значения,1783162355,https://www.superjob.ru/vakansii/ivent-menedzher-52008972.html,
программист,Москва,51919105,Представитель Xiaomi Таиланд в Tik Tok,Xiaomi,0,0,rub,От 1 года,Среднее специальное,1783176005,https://www.superjob.ru/vakansii/predstavitel-xiaomi-tailand-v-tik-tok-51919105.html,
программист,Москва,51922127,Стажер в Анализ данных,Контур,0,0,rub,Без опыта,Не имеет значения,1783178745,https://www.superjob.ru/vakansii/stazher-v-analiz-dannyh-51922127.html,"Python, SQL, PostgreSQL"
программист,Москва,52030860,Инженер по безопасности,Spotify,0,0,rub,Без опыта,Не имеет значения,1782816553,https://www.superjob.ru/vakansii/inzhener-po-bezopasnosti-52030860.html,"Python, Java, TypeScript, C++, CI/CD"
программист,Москва,51961791,Стажер в отдел обучения партнеров,Лаборатория Касперского,0,0,rub,Без опыта,Не имеет значения,1783155943,https://www.superjob.ru/vakansii/stazher-v-otdel-obucheniya-partnerov-51961791.html,
программист,Москва,51994492,Data Engineer (GCP),Flowwow,0,0,rub,От 3 лет,Не имеет значения,1783175704,https://www.superjob.ru/vakansii/data-engineer-51994492.html,"Python, Go, SQL, CI/CD, Terraform"
программист,Москва,52031476,Сборщик / комплектовщик на производство РЭА,"ООО ""НТЦ РОТЕК""",75000,0,rub,Без опыта,Не имеет значения,1782830726,https://www.superjob.ru/vakansii/sborschik-52031476.html,
программист,Москва,52060503,Младший системный аналитик,OZON: Старт карьеры,0,0,rub,От 1 года,Не имеет значения,1783179199,https://www.superjob.ru/vakansii/mladshij-sistemnyj-analitik-52060503.html,"Python, SQL, Kafka"
программист,Москва,29171369,Бизнес-аналитик,Новая перевозочная компания,0,0,rub,Без опыта,Не имеет значения,1782739203,https://www.superjob.ru/vakansii/biznes-analitik-29171369.html,1С
программист,Москва,47424027,Менеджер онлайн-продаж (маркетплейсы / агрегаторы / сайт),Get Turbo,150000,150000,rub,От 3 лет,Не имеет значения,1782585293,https://www.superjob.ru/vakansii/menedzher-onlajn-prodazh-47424027.html,1С
программист,Москва,50599353,Ведущий специалист 1С,Акционерное общество «Государственное машиностроительное конструкторское бюро «Вымпел» им. И. И. Торопова»,180000,180000,rub,От 3 лет,Высшее,1782818704,https://www.superjob.ru/vakansii/veduschij-specialist-1s-50599353.html,1С
программист,Москва,50842108,Ведущий специалист 1C,«Оборонэнерго»,228417,228417,rub,От 3 лет,Не имеет значения,1782825546,https://www.superjob.ru/vakansii/veduschij-specialist-1c-50842108.html,1С
программист,Москва,51056436,Системный инженер,ЭКО центр,200000,0,rub,От 6 лет,Не имеет значения,1783153920,https://www.superjob.ru/vakansii/sistemnyj-inzhener-51056436.html,"Python, Go, PHP"
программист,Москва,51699516,Администратор баз данных (DBA) Oracle,Филиал ФКУ Налог-Сервис ФНС России по ЦОД в г.Москве,0,0,rub,От 1 года,Не имеет значения,1783174343,https://www.superjob.ru/vakansii/administrator-baz-dannyh-51699516.html,"SQL, PostgreSQL, Linux"
программист,Москва,52008781,Стажер направления Мобильная разработка,Сбер: Старт карьеры,0,0,rub,От 1 года,Высшее,1783158326,https://www.superjob.ru/vakansii/stazher-napravleniya-mobilnaya-razrabotka-52008781.html,"Java, Swift, Kotlin, Git"
программист,Москва,52010833,Офис-менеджер (секретарь),"ООО ""Мастер Климата""",70000,80000,rub,От 1 года,Высшее,1782710607,https://www.superjob.ru/vakansii/ofis-menedzher-52010833.html,
программист,Москва,52037448,Менеджер в отдел продаж (ИТ-решения),Техланд,130000,0,rub,От 1 года,Не имеет значения,1783146496,https://www.superjob.ru/vakansii/menedzher-v-otdel-prodazh-52037448.html,Go
программист,Москва,51913650,IT-специалист по сопровождению банковских систем,Народный доверительный банк,120000,150000,rub,От 1 года,Не имеет значения,1782982498,https://www.superjob.ru/vakansii/it-specialist-po-soprovozhdeniyu-bankovskih-sistem-51913650.html,SQL
программист,Москва,52042468,Ведущий инженер по обслуживанию оборудования АСУ электротехнического оборудования,"Учебно-экспериментальная теплоэлектроцентраль ФГБОУ ВО ""Национальный исследовательский университет ""МЭИ"" (ТЭЦ МЭИ)",130000,0,rub,От 3 лет,Не имеет значения,1782730531,https://www.superjob.ru/vakansii/veduschij-inzhener-po-obsluzhivaniyu-oborudovaniya-asu-elektrotehnicheskogo-oborudovaniya-52042468.html,
программист,Москва,51961659,Стажер Координатор проекта,Лаборатория Касперского,0,0,rub,Без опыта,Не имеет значения,1783154756,https://www.superjob.ru/vakansii/stazher-koordinator-proekta-51961659.html,
программист,Москва,51921356,Инженер по защите и управлению данными,Мах (Team VK company),0,0,rub,От 1 года,Высшее,1783155404,https://www.superjob.ru/vakansii/inzhener-po-51921356.html,"Python, SQL, CI/CD, Kafka, Prometheus, Grafana"
программист,Москва,52004668,Менеджер по дизайну продуктов,Figma,0,0,rub,От 3 лет,Не имеет значения,1783150887,https://www.superjob.ru/vakansii/menedzher-po-dizajnu-produktov-52004668.html,
программист,Москва,52004689,UX-писатель в сфере искусственного интеллекта,Figma,0,0,rub,От 3 лет,Не имеет значения,1783151403,https://www.superjob.ru/vakansii/ux-pisatel-v-sfere-iskusstvennogo-intellekta-52004689.html,Git
программист,Москва,52008926,Бизнес-системный аналитик,Figma,0,0,rub,От 3 лет,Не имеет значения,1783161671,https://www.superjob.ru/vakansii/biznes-sistemnyj-analitik-52008926.html,SQL
программист,Москва,52030747,Системный администратор,"ООО ""АФФОРТО""",110000,0,rub,От 1 года,Не имеет значения,1782812287,https://www.superjob.ru/vakansii/sistemnyj-administrator-52030747.html,Go
программист,Москва,52017886,Младший инженер по автоматизации тестирования,VK: Старт карьеры,0,0,rub,Без опыта,Не имеет значения,1782895680,https://www.superjob.ru/vakansii/mladshij-inzhener-po-avtomatizacii-testirovaniya-52017886.html,"Swift, Git"
программист,Москва,51715812,(Медик/РЭБ/Связь/Арта/Сапер/разведка/2-3 линия/Барс Москва/Тыл/ПВО) военнослужащий по контракту,СТОПФАЕР,220000,0,rub,Без опыта,Не имеет значения,1783149580,https://www.superjob.ru/vakansii/medik-51715812.html,C++
программист,Москва,51899950,Техник по пайке/сборке БПЛА (Военнослужащий по контракту),СТОПФАЕР,220000,550000,rub,Без опыта,Не имеет значения,1783149555,https://www.superjob.ru/vakansii/tehnik-po-pajke-51899950.html,
программист,Москва,51901214,Служба в ВМП ДНР (различные должности),СТОПФАЕР,240000,0,rub,Без опыта,Не имеет значения,1783155287,https://www.superjob.ru/vakansii/sluzhba-v-vmp-dnr-51901214.html,"Python, C++"
системный аналитик,Москва,52008926,Бизнес-системный аналитик,Figma,0,0,rub,От 3 лет,Не имеет значения,1783161671,https://www.superjob.ru/vakansii/biznes-sistemnyj-analitik-52008926.html,SQL
системный аналитик,Москва,52013318,"Системный бизнес-аналитик, стратегия и операционная деятельность в сфере маркетинга на YouTube",YouTube,0,0,rub,От 3 лет,Не имеет значения,1783178638,https://www.superjob.ru/vakansii/sistemnyj-biznes-analitik-52013318.html,Go
системный аналитик,Москва,52060344,Стажер Системный аналитик,Сбер: Старт карьеры,0,0,rub,Без опыта,Не имеет значения,1783172163,https://www.superjob.ru/vakansii/stazher-sistemnyj-analitik-52060344.html,"SQL, PostgreSQL"
системный аналитик,Москва,52060503,Младший системный аналитик,OZON: Старт карьеры,0,0,rub,От 1 года,Не имеет значения,1783179199,https://www.superjob.ru/vakansii/mladshij-sistemnyj-analitik-52060503.html,"Python, SQL, Kafka"
системный аналитик,Москва,52060352,Стажер Бизнес аналитик,Сбер: Старт карьеры,0,0,rub,Без опыта,Не имеет значения,1783172302,https://www.superjob.ru/vakansii/stazher-biznes-analitik-52060352.html,"Python, SQL, PostgreSQL"
системный аналитик,Москва,52060392,Бизнес-аналитик (доставка/маршрутизация/последняя миля),Комус,0,0,rub,От 1 года,Не имеет значения,1782743306,https://www.superjob.ru/vakansii/biznes-analitik-52060392.html,
системный аналитик,Москва,52060556,Бизнес-аналитик,OZON: Старт карьеры,0,0,rub,Без опыта,Высшее,1783093744,https://www.superjob.ru/vakansii/biznes-analitik-52060556.html,
системный аналитик,Москва,52060526,Бизнес-аналитик (со знанием английского языка),OZON: Старт карьеры,0,0,rub,Без опыта,Не имеет значения,1783179602,https://www.superjob.ru/vakansii/biznes-analitik-52060526.html,"Python, SQL, PostgreSQL"
системный аналитик,Москва,29171369,Бизнес-аналитик,Новая перевозочная компания,0,0,rub,Без опыта,Не имеет значения,1782739203,https://www.superjob.ru/vakansii/biznes-analitik-29171369.html,1С
системный аналитик,Москва,51785221,Старший финансовый аналитик,Disney,0,0,rub,От 3 лет,Не имеет значения,1783168565,https://www.superjob.ru/vakansii/starshij-finansovyj-analitik-51785221.html,
системный аналитик,Москва,51863773,Стажер-инженер-аналитик,Netflix,0,0,rub,Без опыта,Не имеет значения,1783174002,https://www.superjob.ru/vakansii/stazher-inzhener-analitik-51863773.html,"Python, Java, SQL"
системный аналитик,Москва,51785226,Аналитик,Disney,0,0,rub,От 1 года,Не имеет значения,1783168804,https://www.superjob.ru/vakansii/analitik-51785226.html,
системный аналитик,Москва,51826689,Стажер менеджера программы,Amazon,0,0,rub,От 1 года,Не имеет значения,1783153503,https://www.superjob.ru/vakansii/stazher-menedzhera-programmy-51826689.html,
системный аналитик,Москва,51905391,Менеджер по маркетингу,Nickelodeon,0,0,rub,От 3 лет,Не имеет значения,1783179610,https://www.superjob.ru/vakansii/menedzher-po-marketingu-51905391.html,
системный аналитик,Москва,51921361,Аналитик SOC L3,Мах (Team VK company),0,0,rub,От 1 года,Не имеет значения,1783155906,https://www.superjob.ru/vakansii/analitik-soc-l3-51921361.html,"Linux, Git"
системный аналитик,Москва,51935900,Менеджер по работе с клиентами,Forbes,0,0,rub,От 3 лет,Не имеет значения,1783179303,https://www.superjob.ru/vakansii/menedzher-po-rabote-s-klientami-51935900.html,
системный аналитик,Москва,51921374,Аналитик антифрода L3,Мах (Team VK company),0,0,rub,От 3 лет,Не имеет значения,1783155992,https://www.superjob.ru/vakansii/analitik-antifroda-l3-51921374.html,"Python, SQL"
системный аналитик,Москва,51981322,Стажер в области машинного обучения,Pinterest,0,0,rub,От 1 года,Не имеет значения,1783163165,https://www.superjob.ru/vakansii/stazher-v-oblasti-mashinnogo-obucheniya-51981322.html,"Python, Java, C++"
системный аналитик,Москва,51961637,Стажер по корпоративным продажам,Лаборатория Касперского,0,0,rub,Без опыта,Не имеет значения,1783154641,https://www.superjob.ru/vakansii/stazher-po-korporativnym-prodazham-51961637.html,
системный аналитик,Москва,51994503,Финансовый аналитик,Flowwow,0,0,rub,От 1 года,Не имеет значения,1783176011,https://www.superjob.ru/vakansii/finansovyj-analitik-51994503.html,
системный аналитик,Москва,51994534,Аналитик,РОСМЭН,0,0,rub,От 1 года,Не имеет значения,1783178403,https://www.superjob.ru/vakansii/analitik-51994534.html,"Python, SQL"
системный аналитик,Москва,52013334,"Менеджер по аналитике, маркетинг на YouTube",YouTube,0,0,rub,От 6 лет,Не имеет значения,1783179006,https://www.superjob.ru/vakansii/menedzher-po-analitike-52013334.html,"Go, SQL"
системный аналитик,Москва,52028878,Ведущий сетевой инженер,Henderson,0,0,rub,От 3 лет,Не имеет значения,1783158600,https://www.superjob.ru/vakansii/veduschij-setevoj-inzhener-52028878.html,"Ansible, Grafana"
системный аналитик,Москва,52038086,Руководитель отдела продаж,КАРАВАН,300000,400000,rub,От 1 года,Не имеет значения,1782733583,https://www.superjob.ru/vakansii/rukovoditel-otdela-prodazh-52038086.html,
системный аналитик,Москва,52030530,Инженер-аналитик,Spotify,0,0,rub,Без опыта,Не имеет значения,1782807050,https://www.superjob.ru/vakansii/inzhener-analitik-52030530.html,"Python, Go, SQL"
системный аналитик,Москва,52059694,Директор по маркетингу / маркетолог,МАХТ,0,0,rub,От 3 лет,Не имеет значения,1782802021,https://www.superjob.ru/vakansii/direktor-po-marketingu-52059694.html,Git
системный аналитик,Москва,52060459,Стажер HR-аналитик в команду обучения,OZON: Старт карьеры,0,0,rub,Без опыта,Не имеет значения,1783178260,https://www.superjob.ru/vakansii/stazher-hr-analitik-v-komandu-obucheniya-52060459.html,
системный аналитик,Москва,52064519,Менеджер по продажам (кабельно-проводниковая продукция),"ООО ""ТД ""ЭЛЕКТРОКАБЕЛЬ""",160000,0,rub,От 3 лет,Не имеет значения,1782904873,https://www.superjob.ru/vakansii/menedzher-po-prodazham-52064519.html,
системный аналитик,Москва,52067105,Менеджер по оптовым продажам,Дмитровские колбасы,0,0,rub,От 1 года,Не имеет значения,1782994025,https://www.superjob.ru/vakansii/menedzher-po-optovym-prodazham-52067105.html,1С
системный аналитик,Москва,52067112,Супервайзер отдела продаж,"ВЕРНЫЙ, Сеть магазинов",170000,0,rub,От 1 года,Не имеет значения,1783167094,https://www.superjob.ru/vakansii/supervajzer-otdela-prodazh-52067112.html,
системный аналитик,Москва,52071490,Менеджер по рекламациям,PILENGA,0,0,rub,От 1 года,Не имеет значения,1783072990,https://www.superjob.ru/vakansii/menedzher-po-reklamaciyam-52071490.html,1С
системный аналитик,Москва,49949649,Ведущий химик-аналитик,Союзцветметавтоматика им. Топчаева В. П.,70000,0,rub,От 1 года,Среднее специальное,1782716103,https://www.superjob.ru/vakansii/veduschij-himik-analitik-49949649.html,
системный аналитик,Москва,51961249,Заместитель начальника управления по расчету с персоналом,"ГКУ ""ЦБ ДКМ""",190000,190000,rub,От 1 года,Не имеет значения,1783001007,https://www.superjob.ru/vakansii/zamestitel-nachalnika-upravleniya-po-raschetu-s-personalom-51961249.html,
системный аналитик,Москва,52008656,Аналитик BI,"ФГБУ ""Центр Агроаналитики""",0,0,rub,От 3 лет,Не имеет значения,1783068117,https://www.superjob.ru/vakansii/analitik-bi-52008656.html,"Java, JavaScript, SQL, PostgreSQL"
системный аналитик,Москва,52016963,Менеджер по продажам рекламы,SuperJob,0,0,rub,От 3 лет,Не имеет значения,1783147080,https://www.superjob.ru/vakansii/menedzher-po-prodazham-reklamy-52016963.html,Git
системный аналитик,Москва,52041419,Аналитик по криптоарбитражу (удалённо),InvestAnalyzTeam,100000,300000,rub,Без опыта,Не имеет значения,1782712791,https://www.superjob.ru/vakansii/analitik-po-kriptoarbitrazhu-52041419.html,
системный аналитик,Москва,52042056,Начальник отдела специальных проектов и культурных программ,Библиотека,92000,92000,rub,От 3 лет,Не имеет значения,1782728851,https://www.superjob.ru/vakansii/nachalnik-otdela-specialnyh-proektov-i-kulturnyh-programm-52042056.html,
системный аналитик,Москва,51913650,IT-специалист по сопровождению банковских систем,Народный доверительный банк,120000,150000,rub,От 1 года,Не имеет значения,1782982498,https://www.superjob.ru/vakansii/it-specialist-po-soprovozhdeniyu-bankovskih-sistem-51913650.html,SQL
системный аналитик,Москва,52042767,Стажер по управлению ИТ-данными,P&G,0,0,rub,Без опыта,Не имеет значения,1782739020,https://www.superjob.ru/vakansii/stazher-po-upravleniyu-it-dannymi-52042767.html,"Python, Go, SQL, CI/CD, Azure"
системный аналитик,Москва,52045108,Аналитик в сфере комплаенса/специалист по проверке контрагентов,ОТК,80000,100000,rub,От 1 года,Среднее специальное,1782732750,https://www.superjob.ru/vakansii/analitik-v-sfere-komplaensa-52045108.html,
системный аналитик,Москва,52061460,Аналитик (центр исследований охраны труда),ФГБУ «ВНИИ труда» Минтруда России,100000,0,rub,От 1 года,Высшее,1782803622,https://www.superjob.ru/vakansii/analitik-52061460.html,
системный аналитик,Москва,52062980,Ревизор-аналитик / Финансовый аудитор / Специалист КРО,МедлайН-Сервис,80000,0,rub,От 3 лет,Не имеет значения,1782830400,https://www.superjob.ru/vakansii/revizor-analitik-52062980.html,
системный аналитик,Москва,52063290,Ведущий аналитик в отдел мониторинга и контроля комплексных проектов,ВНИИР,0,0,rub,От 3 лет,Высшее,1782843369,https://www.superjob.ru/vakansii/veduschij-analitik-v-otdel-monitoringa-i-kontrolya-kompleksnyh-proektov-52063290.html,
системный аналитик,Москва,51782497,Стажер отдела операционной деятельности цифровых медиа,Disney,0,0,rub,Без опыта,Неполное высшее,1783164612,https://www.superjob.ru/vakansii/stazher-otdela-operacionnoj-deyatelnosti-cifrovyh-media-51782497.html,"Python, SQL, Git"
системный аналитик,Москва,51826685,Стажер в отделе развития бизнеса,Amazon,0,0,rub,Без опыта,Не имеет значения,1783153502,https://www.superjob.ru/vakansii/stazher-v-otdele-razvitiya-biznesa-51826685.html,
системный аналитик,Москва,51853175,"Стажер, отдел анализа и обработки данных",Disney,0,0,rub,Без опыта,Не имеет значения,1783161390,https://www.superjob.ru/vakansii/stazher-51853175.html,"Python, SQL"
системный аналитик,Москва,51853275,Стажер в цифровой и результативный маркетинг,Disney,0,0,rub,Без опыта,Не имеет значения,1783161708,https://www.superjob.ru/vakansii/stazher-v-cifrovoj-i-rezultativnyj-marketing-51853275.html,Go
системный аналитик,Москва,51863713,Стажер по обработке данных,Netflix,0,0,rub,От 1 года,Не имеет значения,1783164349,https://www.superjob.ru/vakansii/stazher-po-obrabotke-dannyh-51863713.html,"Python, Java, SQL, Kafka"
системный аналитик,Москва,51933282,Старший менеджер по компенсациям и льготам,Forbes,0,0,rub,От 6 лет,Не имеет значения,1783093794,https://www.superjob.ru/vakansii/starshij-menedzher-po-kompensaciyam-i-lgotam-51933282.html,
системный аналитик,Москва,51961488,Project Manager (B2B),Лаборатория Касперского,0,0,rub,От 1 года,Не имеет значения,1783152991,https://www.superjob.ru/vakansii/project-manager-51961488.html,"C++, Go, SQL, PostgreSQL"
системный аналитик,Москва,52013323,"Менеджер по обеспечению соблюдения правил в отношении графического насилия, YouTube",YouTube,0,0,rub,От 1 года,Не имеет значения,1783178889,https://www.superjob.ru/vakansii/menedzher-po-obespecheniyu-soblyudeniya-pravil-v-otnoshenii-graficheskogo-nasiliya-52013323.html,"Go, SQL"
системный аналитик,Москва,51921356,Инженер по защите и управлению данными,Мах (Team VK company),0,0,rub,От 1 года,Высшее,1783155404,https://www.superjob.ru/vakansii/inzhener-po-51921356.html,"Python, SQL, CI/CD, Kafka, Prometheus, Grafana"
системный аналитик,Москва,51935813,Временный репортёр для списков Forbes,Forbes,0,0,rub,Без опыта,Не имеет значения,1783176005,https://www.superjob.ru/vakansii/vremennyj-reportjor-dlya-spiskov-forbes-51935813.html,Go
системный аналитик,Москва,51961585,Младший менеджер по удержанию клиентов,Лаборатория Касперского,0,0,rub,От 1 года,Не имеет значения,1783154463,https://www.superjob.ru/vakansii/mladshij-menedzher-po-uderzhaniyu-klientov-51961585.html,
системный аналитик,Москва,51994492,Data Engineer (GCP),Flowwow,0,0,rub,От 3 лет,Не имеет значения,1783175704,https://www.superjob.ru/vakansii/data-engineer-51994492.html,"Python, Go, SQL, CI/CD, Terraform"
системный аналитик,Москва,51994531,Интернет-маркетолог,РОСМЭН,0,0,rub,От 1 года,Не имеет значения,1783177845,https://www.superjob.ru/vakansii/internet-marketolog-51994531.html,
системный аналитик,Москва,52031271,Контент-модератор социальной сети,«Медиа Контент Продакшн»,80000,0,rub,Без опыта,Не имеет значения,1782824603,https://www.superjob.ru/vakansii/kontent-moderator-socialnoj-seti-52031271.html,
системный аналитик,Москва,52031406,Контент-Модератор со знанием английского языка,«Медиа Контент Продакшн»,100000,0,rub,Без опыта,Не имеет значения,1782828214,https://www.superjob.ru/vakansii/kontent-moderator-so-znaniem-anglijskogo-yazyka-52031406.html,
системный аналитик,Москва,52067002,Супервайзер отдела продаж (Москва),"ВЕРНЫЙ, Сеть магазинов",126000,170000,rub,От 1 года,Не имеет значения,1783163405,https://www.superjob.ru/vakansii/supervajzer-otdela-prodazh-52067002.html,
системный аналитик,Москва,52067098,Супервайзер группы магазинов,"Сеть магазинов ""Верный""",180000,0,rub,От 1 года,Не имеет значения,1783166697,https://www.superjob.ru/vakansii/supervajzer-gruppy-magazinov-52067098.html,
архитектор ПО,Москва,51961488,Project Manager (B2B),Лаборатория Касперского,0,0,rub,От 1 года,Не имеет значения,1783152991,https://www.superjob.ru/vakansii/project-manager-51961488.html,"C++, Go, SQL, PostgreSQL"
архитектор ПО,Москва,51809077,Дизайнер-архитектор,Tiffany&Co,0,0,rub,От 3 лет,Не имеет значения,1783154704,https://www.superjob.ru/vakansii/dizajner-arhitektor-51809077.html,
архитектор ПО,Москва,51904671,Ведущий архитектор,ПИК,0,0,rub,От 3 лет,Не имеет значения,1783157104,https://www.superjob.ru/vakansii/veduschij-arhitektor-51904671.html,
архитектор ПО,Москва,50929714,Инженер-проектировщик архитектурных и конструктивных решений,Международный аэропорт Внуково,0,0,rub,От 1 года,Не имеет значения,1783169340,https://www.superjob.ru/vakansii/inzhener-proektirovschik-arhitekturnyh-i-konstruktivnyh-reshenij-50929714.html,
архитектор ПО,Москва,34472266,Менеджер кафетерия / Бариста-кассир / Бариста-пекарь,Азбука вкуса,93600,100000,rub,Без опыта,Не имеет значения,1783144800,https://www.superjob.ru/vakansii/menedzher-kafeteriya-34472266.html,
архитектор ПО,Москва,51921356,Инженер по защите и управлению данными,Мах (Team VK company),0,0,rub,От 1 года,Высшее,1783155404,https://www.superjob.ru/vakansii/inzhener-po-51921356.html,"Python, SQL, CI/CD, Kafka, Prometheus, Grafana"
архитектор ПО,Москва,52030530,Инженер-аналитик,Spotify,0,0,rub,Без опыта,Не имеет значения,1782807050,https://www.superjob.ru/vakansii/inzhener-analitik-52030530.html,"Python, Go, SQL"
архитектор ПО,Москва,52030723,Пресейл-инженер сетевых решений,КРОК,0,0,rub,Без опыта,Не имеет значения,1782815983,https://www.superjob.ru/vakansii/presejl-inzhener-setevyh-reshenij-52030723.html,
