source,direction,category,code,description,count,normalized_code
ФГОС,09.04.03,ОПК,ОПК-1,"способностью руководить коллективом в сфере своей профессиональной деятельности, толерантно воспринимая социальные, этнические, конфессиональные и культурные различия",1,ОПК-1
ФГОС,09.04.03,ОПК,ОПК-2,способностью исследовать современные проблемы и методы прикладной информатики и научно-технического развития ИКТ,1,ОПК-2
ФГОС,09.04.03,ОПК,ОПК-3,способностью исследовать закономерности становления и развития информационного общества в конкретной прикладной области,1,ОПК-3
ФГОС,09.04.03,ОПК,ОПК-4,способностью на практике применять новые научные принципы и методы исследований,1,ОПК-4
ФГОС,09.04.03,ОПК,ОПК-5,способностью к профессиональной эксплуатации современного электронного оборудования в соответствии с целями основной образовательной программы магистратуры,1,ОПК-5
ФГОС,09.04.03,ПК,ПК-1,"способностью формализовывать задачи прикладной области, при решении которых возникает необходимость использования количественных и качественных оценок",1,ПК-1
ФГОС,09.04.03,ПК,ПК-2,способностью ставить и решать прикладные задачи в условиях неопределенности и определять методы и средства их эффективного решения,1,ПК-2
ФГОС,09.04.03,ПК,ПК-3,"способностью проводить научные эксперименты, оценивать результаты исследований",1,ПК-3
ФГОС,09.04.03,ПК,ПК-4,способностью исследовать применение различных научных подходов к автоматизации информационных процессов и информатизации предприятий и организаций,1,ПК-4
ФГОС,09.04.03,ПК,ПК-5,"способностью проводить анализ экономической эффективности ИС, оценивать проектные затраты и риски",1,ПК-5
ФГОС,09.04.03,ПК,ПК-6,способностью выбирать методологию и технологию проектирования ИС с учетом проектных рисков,1,ПК-6
ФГОС,09.04.03,ПК,ПК-7,способностью анализировать данные и оценивать требуемые знания для решения нестандартных задач с использованием математических методов и методов компьютерного моделирования,1,ПК-7
ФГОС,09.04.03,ПК,ПК-8,способностью анализировать и оптимизировать прикладные и информационные процессы,1,ПК-8
ФГОС,09.04.03,ПК,ПК-9,способностью проводить маркетинговый анализ ИКТ и вычислительного оборудования для рационального выбора инструментария автоматизации и информатизации прикладных задач,1,ПК-9
ФГОС,09.04.03,ПК,ПК-10,способностью применять современные методы и инструментальные средства прикладной информатики для автоматизации и информатизации решения прикладных задач различных классов и создания ИС,1,ПК-10
ФГОС,09.04.03,ПК,ПК-11,способностью проектировать архитектуру и сервисы ИС предприятий и организаций в прикладной области,1,ПК-11
ФГОС,09.04.03,ПК,ПК-12,"способностью проектировать информационные процессы и системы с использованием инновационных инструментальных средств, адаптировать современные ИКТ к задачам прикладных ИС",1,ПК-12
ФГОС,09.04.03,ПК,ПК-13,способностью принимать эффективные проектные решения в условиях неопределенности и риска,1,ПК-13
ФГОС,09.04.03,ПК,ПК-14,способностью формировать стратегию информатизации прикладных процессов и создания прикладных ИС в соответствии со стратегией развития предприятий,1,ПК-14
ФГОС,09.04.03,ПК,ПК-15,способностью организовывать работы по моделированию прикладных ИС и реинжинирингу прикладных и информационных процессов предприятия и организации,1,ПК-15
ФГОС,09.04.03,ПК,ПК-16,способностью управлять информационными ресурсами и ИС,1,ПК-16
ФГОС,09.04.03,ПК,ПК-17,способностью управлять проектами по информатизации прикладных задач и созданию ИС предприятий и организаций,1,ПК-17
ФГОС,09.04.03,ПК,ПК-18,способностью организовывать и проводить переговоры с представителями заказчика и профессиональные консультации на предприятиях и в организациях,1,ПК-18
ФГОС,09.04.03,ПК,ПК-19,"способностью в условиях функционирования ИС брать на себя ответственность за выполнение производственных задач ИТ-служб, эффективно использовать современные приемы и методы работы с ИТ-персоналом",1,ПК-19
ФГОС,09.04.03,ПК,ПК-20,"способностью использовать передовые методы оценки качества, надежности и информационной безопасности ИС в процессе эксплуатации прикладных ИС",1,ПК-20
ФГОС,09.04.03,ПК,ПК-21,способностью использовать международные информационные ресурсы и стандарты в информатизации предприятий и организаций,1,ПК-21
ФГОС,09.04.03,ПК,ПК-22,способностью использовать информационные сервисы для автоматизации прикладных и информационных процессов,1,ПК-22
ФГОС,09.04.03,ПК,ПК-23,способностью интегрировать компоненты и сервисы ИС,1,ПК-23
ФГОС,09.04.02,ОПК,ОПК-2,способностью анализировать и оценивать уровни своих компетенций в сочетании со способностью и готовностью к саморегулированию дальнейшего образования и профессиональной мобильности,1,ОПК-2
ФГОС,09.04.02,ОПК,ОПК-3,"владением, по крайней мере, одним из иностранных языков на уровне социального и профессионального общения, способностью применять специальную лексику и профессиональную терминологию языка",1,ОПК-3
ФГОС,09.04.02,ОПК,ОПК-4,"владением методами и средствами получения, хранения, переработки и трансляции информации посредством современных компьютерных технологий, в том числе в глобальных компьютерных сетях",1,ОПК-4
ФГОС,09.04.02,ОПК,ОПК-5,"способность анализировать профессиональную информацию, выделять в ней главное, структурировать, оформлять и представлять в виде аналитических обзоров с обоснованными выводами и рекомендациями",1,ОПК-5
ФГОС,09.04.02,ПК,ПК-1,умением разрабатывать новые методы и средства проектирования информационных систем,1,ПК-1
ФГОС,09.04.02,ПК,ПК-2,умением разрабатывать новые технологии проектирования информационных систем,1,ПК-2
ФГОС,09.04.02,ПК,ПК-3,"способностью осуществлять авторское сопровождение процессов проектирования, внедрения и сопровождения информационных систем и технологий",1,ПК-3
ФГОС,09.04.02,ПК,ПК-4,"умением организовывать взаимодействие коллективов разработчика и заказчика, принимать управленческие решения в условиях различных мнений",1,ПК-4
ФГОС,09.04.02,ПК,ПК-5,"умением находить компромисс между различными требованиями (стоимости, качества, сроков исполнения) как при долгосрочном, так и при краткосрочном планировании, нахождение оптимальных решений",1,ПК-5
ФГОС,09.04.02,ПК,ПК-6,"способностью осуществлять сбор, анализ научно-технической информации, отечественного и зарубежного опыта по тематике исследования",1,ПК-6
ФГОС,09.04.02,ПК,ПК-7,"умением проводить разработку и исследование теоретических и экспериментальных моделей объектов профессиональной деятельности в областях: машиностроение, приборостроение, наука, техника, образование, медицина, административное управление, юриспруденция, бизнес, предпринимательство, коммерция, менеджмент, банковские системы, безопасность информационных систем, управление технологическими процессами, механика, техническая физика, энергетика, ядерная энергетика, силовая электроника, металлургия, строительство, транспорт, железнодорожный транспорт, связь, телекоммуникации, управление инфокоммуникациями, почтовая связь, химическая промышленность, сельское хозяйство, текстильная и легкая промышленность, пищевая промышленность, медицинские и биотехнологии, горное дело, обеспечение безопасности подземных предприятий и производств, геология, нефтегазовая отрасль, геодезия и картография, геоинформационные системы, лесной комплекс, химико-лесной комплекс, экология, сфера сервиса, системы массовой информации, дизайн, медиаиндустрия, а также предприятия различного профиля и все виды деятельности в условиях экономики информационного общества",1,ПК-7
ФГОС,09.04.02,ПК,ПК-8,"умением проводить разработку и исследование методик анализа, синтеза, оптимизации и прогнозирования качества процессов функционирования информационных систем и технологий",1,ПК-8
ФГОС,09.04.02,ПК,ПК-9,умением осуществлять моделирование процессов и объектов на базе стандартных пакетов автоматизированного проектирования и исследований,1,ПК-9
ФГОС,09.04.02,ПК,ПК-10,умением осуществлять постановку и проведение экспериментов по заданной методике и анализ результатов,1,ПК-10
ФГОС,09.04.02,ПК,ПК-11,"способностью проводить анализ результатов проведения экспериментов, осуществлять выбор оптимальных решений, подготавливать и составлять обзоры, отчеты и научные публикации",1,ПК-11
ФГОС,09.04.02,ПК,ПК-12,способностью прогнозировать развитие информационных систем и технологий,1,ПК-12
ФГОС,09.04.02,ПК,ПК-14,способностью разрабатывать методы решения нестандартных задач и новые методы решения традиционных задач,1,ПК-14
ФГОС,09.04.02,ПК,ПК-15,готовностью воспроизводить знания для практической реализации новшеств,1,ПК-15
ФГОС,09.04.02,ПК,ПК-16,готовностью осуществлять подготовку и обучение персонала,1,ПК-16
ФГОС,09.04.04,ОПК,ОПК-1,"культурой мышления, способностью выстраивать логику рассуждений и высказываний, основанных на интерпретации данных, интегрированных их разных областей науки и техники, выносить суждения на основании неполных данных",1,ОПК-1
ФГОС,09.04.04,ОПК,ОПК-2,способностью анализировать и оценивать уровни своих компетенций в сочетании со способностью и готовностью к саморегулированию дальнейшего образования и профессиональной мобильности,1,ОПК-2
ФГОС,09.04.04,ОПК,ОПК-3,"владением, по крайней мере, одним из иностранных языков на уровне социального и профессионального общения, способностью применять специальную лексику и профессиональную терминологию языка",1,ОПК-3
ФГОС,09.04.04,ОПК,ОПК-4,"владением методами и средствами получения, хранения, переработки и трансляции информации посредством современных компьютерных технологий, в том числе, в глобальных компьютерных сетях",1,ОПК-4
ФГОС,09.04.04,ОПК,ОПК-5,"способностью анализировать профессиональную информацию, выделять в ней главное, структурировать, оформлять и представлять в виде аналитических обзоров с обоснованными выводами и рекомендациями",1,ОПК-5
ФГОС,09.04.04,ПК,ПК-1,знанием методов научных исследований и владением навыками их проведения,1,ПК-1
ФГОС,09.04.04,ПК,ПК-2,знанием методов оптимизации и умением применять их при решении задач профессиональной деятельности,1,ПК-2
ФГОС,09.04.04,ПК,ПК-3,владением существующими методами и алгоритмами решения задач распознавания и обработки данных,1,ПК-3
ФГОС,09.04.04,ПК,ПК-4,владением существующими методами и алгоритмами решения задач цифровой обработки сигналов,1,ПК-4
ФГОС,09.04.04,ПК,ПК-5,пониманием существующих подходов к верификации моделей программного обеспечения,1,ПК-5
ФГОС,09.04.04,ПК,ПК-6,"способностью проектировать распределенные информационные системы, их компоненты и протоколы их взаимодействия",1,ПК-6
ФГОС,09.04.04,ПК,ПК-8,способностью проектировать трансляторы и интерпретаторы языков программирования,1,ПК-8
ФГОС,09.04.04,ПК,ПК-9,способностью проектировать сетевые службы,1,ПК-9
ФГОС,09.04.04,ПК,ПК-10,способностью проектировать основные компоненты операционных систем,1,ПК-10
ФГОС,09.04.04,ПК,ПК-11,способностью проектировать вспомогательные и специализированные языки программирования и языки представления данных,1,ПК-11
ФГОС,09.04.04,ПК,ПК-12,владением навыками программной реализации распределенных информационных систем,1,ПК-12
ФГОС,09.04.04,ПК,ПК-13,владением навыками программной реализации систем с параллельной обработкой данных и высокопроизводительных систем,1,ПК-13
ФГОС,09.04.04,ПК,ПК-14,"владением навыками создания программного обеспечения для анализа, распознавания и обработки информации, систем цифровой обработки сигналов",1,ПК-14
ФГОС,09.04.04,ПК,ПК-15,владением навыками создания трансляторов и интерпретаторов языков программирования,1,ПК-15
ФГОС,09.04.04,ПК,ПК-16,владением навыками создания служб сетевых протоколов,1,ПК-16
ФГОС,09.04.04,ПК,ПК-17,владением навыками создания компонент операционных систем и систем реального времени,1,ПК-17
ФГОС,09.04.04,ПК,ПК-18,владением навыками создания систем обработки текстов,1,ПК-18
ФГОС,09.04.04,ПК,ПК-19,владением навыками организации промышленного тестирования создаваемого программного обеспечения,1,ПК-19
ФГОС,09.04.04,ПК,ПК-20,владением навыками разработки программного обеспечения для создания трехмерных изображений,1,ПК-20
ФГОС,09.04.01,ОПК,ОПК-1,"культурой мышления, способностью выстраивать логику рассуждений и высказываний, основанных на интерпретации данных, интегрированных из разных областей науки и техники, выносить суждения на основании неполных данных",1,ОПК-1
ФГОС,09.04.01,ОПК,ОПК-2,способностью анализировать и оценивать уровни своих компетенций в сочетании со способностью и готовностью к саморегулированию дальнейшего образования и профессиональной мобильности,1,ОПК-2
ФГОС,09.04.01,ОПК,ОПК-3,"владением, по крайней мере, одним из иностранных языков на уровне социального и профессионального общения, способностью применять специальную лексику и профессиональную терминологию языка",1,ОПК-3
ФГОС,09.04.01,ОПК,ОПК-4,"владением методами и средствами получения, хранения, переработки и трансляции информации посредством современных компьютерных технологий, в том числе в глобальных компьютерных сетях",1,ОПК-4
ФГОС,09.04.01,ОПК,ОПК-5,"способностью анализировать профессиональную информацию, выделять в ней главное, структурировать, оформлять и представлять в виде аналитических обзоров с обоснованными выводами и рекомендациями",1,ОПК-5
ФГОС,09.04.01,ПК,ПК-1,знанием методов научных исследований и владение навыками их проведения,1,ПК-1
ФГОС,09.04.01,ПК,ПК-2,знанием методов оптимизации и умение применять их при решении задач профессиональной деятельности,1,ПК-2
ФГОС,09.04.01,ПК,ПК-3,владением существующими методами и алгоритмами решения задач распознавания и обработки данных,1,ПК-3
ФГОС,09.04.01,ПК,ПК-4,владением существующими методами и алгоритмами решения задач цифровой обработки сигналов,1,ПК-4
ФГОС,09.04.01,ПК,ПК-5,пониманием существующих подходов к верификации моделей программного обеспечения (ПО,1,ПК-5
ФГОС,09.04.01,ПК,ПК-6,применением перспективных методов исследования и решения профессиональных задач на основе знания мировых тенденций развития вычислительной техники и информационных технологий,1,ПК-6
ФГОС,09.04.01,ПК,ПК-7,"способностью проектировать распределенные информационные системы, их компоненты и протоколы их взаимодействия",1,ПК-7
ФГОС,09.04.01,ПК,ПК-8,способностью проектировать системы с параллельной обработкой данных и высокопроизводительные системы и их компоненты,1,ПК-8
ФГОС,09.04.01,ПК,ПК-9,способностью разрабатывать и реализовывать планы информатизации предприятий и их подразделений на основе Web- и CALS-технологий,1,ПК-9
ФГОС,09.04.01,ПК,ПК-10,способностью формировать технические задания и участвовать в разработке аппаратных и (или) программных средств вычислительной техники,1,ПК-10
ФГОС,09.04.01,ПК,ПК-11,способностью выбирать методы и разрабатывать алгоритмы решения задач управления и проектирования объектов автоматизации,1,ПК-11
ФГОС,09.04.01,ПК,ПК-12,способностью к программной реализации распределенных информационных систем (ПК- 13); способностью к программной реализации систем с параллельной обработкой данных и высокопроизводительных систем,1,ПК-12
ФГОС,09.04.01,ПК,ПК-14,"способностью к созданию программного обеспечения для анализа, распознавания и обработки информации, систем цифровой обработки сигналов",1,ПК-14
ФГОС,09.04.01,ПК,ПК-15,способностью к созданию служб сетевых протоколов,1,ПК-15
ФГОС,09.04.01,ПК,ПК-16,способностью к организации промышленного тестирования создаваемого программного обеспечения,1,ПК-16
ФГОС,09.04.01,ПК,ПК-17,способностью к разработке программного обеспечения для создания трехмерных изображений,1,ПК-17
ФГОС,09.04.01,ПК,ПК-18,"способностью к применению современных технологий разработки программных комплексов с использованием CASE-средств, контролировать качество разрабатываемых программных продуктов",1,ПК-18
ФГОС,02.04.03,ОПК,ОПК-1,"готовностью руководить коллективом в сфере своей профессиональной деятельности, толерантно воспринимая социальные, этнические, конфессиональные и культурные различия",1,ОПК-1
ФГОС,02.04.03,ОПК,ОПК-2,способностью публично представить собственные и известные научные результаты,1,ОПК-2
ФГОС,02.04.03,ОПК,ОПК-3,"владением теоретическими основами информатики как науки; знание проблем современной информатики, ее категории и связи с другими научными дисциплинами, понимание основных этапов и тенденции развития программирования, математического обеспечения и информационных, технологий",1,ОПК-3
ФГОС,02.04.03,ОПК,ОПК-4,"владением основными методами и средствами автоматизации проектирования, производства, испытаний и оценки качества программного обеспечения",1,ОПК-4
ФГОС,02.04.03,ОПК,ОПК-5,"владением основными концептуальными положениями функционального, рекурсивного, логического, объектно-ориентированного и визуального направлений программирования, методами и средствами разработки программ в рамках этих направлений",1,ОПК-5
ФГОС,02.04.03,ОПК,ОПК-6,"владением архитектурой, алгоритмами функционирования систем реального времени и методами проектирования их программного обеспечения",1,ОПК-6
ФГОС,02.04.03,ОПК,ОПК-7,"владением навыками использования современных системных программных средств: операционных систем, операционных и сетевых оболочек, сервисных программ",1,ОПК-7
ФГОС,02.04.03,ОПК,ОПК-8,владением навыками разработки моделирующих алгоритмов и реализации их на базе языков и пакетов прикладных программ моделирования,1,ОПК-8
ФГОС,02.04.03,ОПК,ОПК-9,владением навыками использования основных моделей информационных технологий и способов их применения для решения задач в предметных областях,1,ОПК-9
ФГОС,02.04.03,ОПК,ОПК-10,"владением навыками выбора архитектуры и комплексирования современных компьютеров, систем, комплексов и сетей системного администрирования",1,ОПК-10
ФГОС,02.04.03,ОПК,ОПК-11,"владением навыками выбора, проектирования, реализации, оценки качества и анализа эффективности программного обеспечения для решения задач в различных предметных областях",1,ОПК-11
ФГОС,02.04.03,ПК,ПК-1,владением навыками использования метода системного моделирования при исследовании и проектировании систем,1,ПК-1
ФГОС,02.04.03,ПК,ПК-2,"готовностью применять современные методы проектирования и производства программного продукта, принципы построения, структуры и приемы работы с инструментальными средствами, поддерживающими создание программного обеспечения",1,ПК-2
ФГОС,02.04.03,ПК,ПК-3,"готовностью организовать работу в коллективе разработчиков программного обеспечения, на основе современных направлений развития методов и программных средств коллективной разработки программного обеспечения",1,ПК-3
ФГОС,02.04.03,ПК,ПК-4,способностью понимать проблемы и оценивать тенденции развития рынка программного обеспечения,1,ПК-4
ФГОС,02.04.03,ПК,ПК-5,"готовностью воспринимать и проводить анализ направлений развития компьютеров с традиционной (нетрадиционной) архитектурой, воспринимать тенденции развития функций и архитектур проблемно-ориентированных программных систем и комплексов (ПК 6); владением принципами обеспечения условий безопасности и жизнедеятельности при разработке и эксплуатации аппаратуры и систем различного назначения",1,ПК-5
ФГОС,02.04.03,ПК,ПК-7,владением навыками преподавания компьютерных наук,1,ПК-7
ФГОС,02.04.03,ПК,ПК-8,владением навыками разработки методических материалов для преподавания компьютерных наук,1,ПК-8
Профстандарт,Системный программист,Разработка компонентов системных программных,6.028,Трудовая функция: Уровень; Наименование Разработка драйверов устройств Код A/01.6 6; квалификации; Происхождение обобщенной Заимствовано из; Оригинал X 566; трудовой функции оригинала; Код Регистрационный номер; оригин,1,6.028
Профстандарт,Системный программист,Разработка компонентов системных программных,6.028,"Трудовая функция: Разработка компиляторов, загрузчиков, Уровень; Наименование Код A/02.6 6; сборщиков квалификации; Происхождение обобщенной Оригинал X Заимствовано из 566; трудовой функции оригинала; Код Регистрационн",1,6.028
Профстандарт,Системный программист,Разработка компонентов системных программных,6.028,Трудовая функция: Уровень; Наименование Разработка системных утилит Код A/03.6 6; квалификации; Происхождение обобщенной Заимствовано из; Оригинал X 566; трудовой функции оригинала; Код Регистрационный номер; оригинал ,1,6.028
Профстандарт,Системный программист,Разработка компонентов системных программных,6.028,Трудовая функция: Создание инструментальных средств Уровень; Наименование Код A/04.6 6; программирования квалификации; Происхождение обобщенной Заимствовано из; Оригинал X 566; трудовой функции оригинала; Код Регистрац,1,6.028
Профстандарт,Системный программист,Разработка систем управления базами данных,6.028,Трудовая функция: Разработка компонентов системы Уровень; Наименование Код B/01.7 7; управления базами данных квалификации; Происхождение обобщенной Заимствовано из; Оригинал X 566; трудовой функции оригинала; Код Реги,1,6.028
Профстандарт,Системный программист,Разработка систем управления базами данных,6.028,Трудовая функция: Отладка разрабатываемой системы Уровень; Наименование Код B/02.7 7; управления базами данных квалификации; Происхождение обобщенной Заимствовано из; Оригинал X 566; трудовой функции оригинала; Код Рег,1,6.028
Профстандарт,Системный программист,Разработка систем управления базами данных,6.028,Трудовая функция: Документирование разработанной; Уровень; Наименование системы управления базами данных в Код B/03.7 7; квалификации; целом и ее компонентов; Происхождение обобщенной Заимствовано из; Оригинал X 566; т,1,6.028
Профстандарт,Системный программист,Разработка систем управления базами данных,6.028,Трудовая функция: Сопровождение созданной системы Уровень; Наименование Код B/04.7 7; управления базами данных квалификации; Происхождение обобщенной Заимствовано из; Оригинал X 566; трудовой функции оригинала; Код Рег,1,6.028
Профстандарт,Системный программист,Разработка операционных систем,6.028,Трудовая функция: Формирование требований к Уровень; Наименование Код C/01.7 7; операционной системе квалификации; Происхождение обобщенной Заимствовано из; Оригинал X 566; трудовой функции оригинала; Код Регистрационн,1,6.028
Профстандарт,Системный программист,Разработка операционных систем,6.028,Трудовая функция: Разработка архитектуры операционной Уровень; Наименование Код C/02.7 7; системы квалификации; Происхождение обобщенной Заимствовано из; Оригинал X 566; трудовой функции оригинала; Код Регистрационный ,1,6.028
Профстандарт,Системный программист,Разработка операционных систем,6.028,Трудовая функция: Написание компонентов операционной Уровень; Наименование Код C/03.7 7; системы квалификации; Происхождение обобщенной Заимствовано из; Оригинал X 566; трудовой функции оригинала; Код Регистрационный н,1,6.028
Профстандарт,Системный программист,Разработка операционных систем,6.028,Трудовая функция: Контроль соблюдения архитектуры в; Уровень; Наименование процессе написания операционной Код C/04.7 7; квалификации; системы; Происхождение обобщенной Заимствовано из; Оригинал X 566; трудовой функции,1,6.028
Профстандарт,Системный программист,Разработка операционных систем,6.028,Трудовая функция: Отладка разрабатываемых компонентов Уровень; Наименование Код C/05.7 7; операционной системы квалификации; Происхождение обобщенной Заимствовано из; Оригинал X 566; трудовой функции оригинала; Код Рег,1,6.028
Профстандарт,Системный программист,Разработка операционных систем,6.028,Трудовая функция: Документирование разрабатываемой Уровень; Наименование Код C/06.7 7; операционной системы квалификации; Происхождение обобщенной Заимствовано из; Оригинал X 566; трудовой функции оригинала; Код Регист,1,6.028
Профстандарт,Системный программист,Разработка операционных систем,6.028,Трудовая функция: Сопровождение созданной Уровень; Наименование Код C/07.7 7; операционной системы квалификации; Происхождение обобщенной Заимствовано из; Оригинал X 566; трудовой функции оригинала; Код Регистрационный,1,6.028
Профстандарт,Системный программист,Организация разработки системного программного,6.028,Трудовая функция: Планирование разработки системного Уровень; Наименование Код D/01.7 7; программного обеспечения квалификации; Происхождение обобщенной Заимствовано из; Оригинал X 566; трудовой функции оригинала; Код ,1,6.028
Профстандарт,Системный программист,Организация разработки системного программного,6.028,Трудовая функция: Формирование группы программистов; Уровень; Наименование для разработки системного Код D/02.7 7; квалификации; программного обеспечения; Происхождение обобщенной Заимствовано из; Оригинал X 566; трудо,1,6.028
Профстандарт,Системный программист,Организация разработки системного программного,6.028,Трудовая функция: Организация работы программистов в; Уровень; Наименование группе по разработке системного Код D/03.7 7; квалификации; программного обеспечения; Происхождение обобщенной Заимствовано из; Оригинал X 566,1,6.028
Профстандарт,Системный программист,Организация разработки системного программного,6.028,Трудовая функция: Контроль деятельности рабочей группы; Уровень; Наименование программистов по разработке Код D/04.7 7; квалификации; системного программного обеспечения; Происхождение обобщенной Заимствовано из; Ориги,1,6.028
Профстандарт,Системный программист,Организация разработки системного программного,6.028,Трудовая функция: Предоставление заказчику результатов; Уровень; Наименование разработки системного программного Код D/05.7 7; квалификации; обеспечения; Происхождение обобщенной Заимствовано из; Оригинал X 566; трудов,1,6.028
Профстандарт,Архитектор программного обеспечения,Управление архитектурой изолированной,6.003,Трудовая функция: Выявление и согласование требований; Уровень; Наименование к программной системе с точки зрения Код A/01.6 6; квалификации; архитектуры; Происхождение обобщенной Заимствовано из; Оригинал X 67; трудов,1,6.003
Профстандарт,Архитектор программного обеспечения,Управление архитектурой изолированной,6.003,Трудовая функция: Выбор и моделирование; Уровень; Наименование архитектурного решения для Код A/02.6 6; квалификации; реализации программной системы; Происхождение обобщенной Заимствовано из; Оригинал X 67; трудовой фу,1,6.003
Профстандарт,Архитектор программного обеспечения,Управление архитектурой изолированной,6.003,Трудовая функция: Разработка разделов по архитектуре; Уровень; Наименование проектных и эксплуатационных Код A/03.6 6; квалификации; документов программной системы; Происхождение обобщенной Заимствовано из; Оригинал X ,1,6.003
Профстандарт,Архитектор программного обеспечения,Управление архитектурой изолированной,6.003,Трудовая функция: Контроль реализации и испытаний; Уровень; Наименование программной системы с точки зрения Код A/04.6 6; квалификации; архитектуры; Происхождение обобщенной Заимствовано из; Оригинал X 67; трудовой фун,1,6.003
Профстандарт,Архитектор программного обеспечения,Управление архитектурой изолированной,6.003,Трудовая функция: Сопровождение эксплуатации; Уровень; Наименование программной системы с точки зрения Код A/05.6 6; квалификации; архитектуры; Происхождение обобщенной Заимствовано из; Оригинал X 67; трудовой функции ,1,6.003
Профстандарт,Архитектор программного обеспечения,Управление архитектурой интегрированного,6.003,Трудовая функция: Создание и согласование требований к; интегрированному программному Уровень; Наименование Код B/01.6 6; обеспечению с точки зрения квалификации; архитектуры; Происхождение обобщенной Заимствовано из; ,1,6.003
Профстандарт,Архитектор программного обеспечения,Управление архитектурой интегрированного,6.003,Трудовая функция: Выбор и моделирование архитектурных; решений для реализации Уровень; Наименование Код B/02.6 6; интегрированного программного квалификации; обеспечения; Происхождение обобщенной Заимствовано из; Ориги,1,6.003
Профстандарт,Архитектор программного обеспечения,Управление архитектурой интегрированного,6.003,Трудовая функция: Разработка и модернизация разделов по; архитектуре и интеграции проектных и; Уровень; Наименование эксплуатационных документов Код B/03.6 6; квалификации; интегрированного программного; обеспечения; П,1,6.003
Профстандарт,Архитектор программного обеспечения,Управление архитектурой интегрированного,6.003,Трудовая функция: Наименование Контроль реализации и испытаний Код B/04.6 Уровень 6; интегрированного программного; обеспечения с точки зрения квалификации; архитектуры; Происхождение обобщенной Заимствовано из; Оригин,1,6.003
Профстандарт,Архитектор программного обеспечения,Управление архитектурой интегрированного,6.003,Трудовая функция: Сопровождение эксплуатации; интегрированного программного Уровень; Наименование Код B/05.6 6; обеспечения с точки зрения квалификации; архитектуры; Происхождение обобщенной Заимствовано из; Оригинал X,1,6.003
Профстандарт,Системный аналитик,Техническое сопровождение проектирования Системы,6.022,Трудовая функция: Сбор исходных данных для; проектирования Системы из; Уровень; Наименование установленных при обследовании Код A/01.4 4; квалификации; текущей ситуации источников; информации; Происхождение обобщенной ,1,6.022
Профстандарт,Системный аналитик,Техническое сопровождение проектирования Системы,6.022,"Трудовая функция: Изучение и описание деятельности,; Уровень; Наименование подлежащей автоматизации, и работы Код A/02.4 4; квалификации; пользователей в системах-аналогах; Происхождение обобщенной Заимствовано из; Ори",1,6.022
Профстандарт,Системный аналитик,Техническое сопровождение проектирования Системы,6.022,Трудовая функция: Изучение и описание устройства и Уровень; Наименование Код A/03.4 4; работы систем-аналогов квалификации; Происхождение обобщенной Заимствовано из; Оригинал X 233; трудовой функции оригинала; Код Реги,1,6.022
Профстандарт,Системный аналитик,Техническое сопровождение проектирования Системы,6.022,Трудовая функция: Извлечение и описание образцов; Уровень; Наименование данных и агрегированных значений из Код A/04.4 4; квалификации; систем-аналогов; Происхождение обобщенной Заимствовано из; Оригинал X 233; трудово,1,6.022
Профстандарт,Системный аналитик,Техническое сопровождение проектирования Системы,6.022,"Трудовая функция: Оформление проектной и; эксплуатационной документации в; Уровень; Наименование рамках обследования текущей Код A/05.4 4; квалификации; ситуации, проектирования и сдачи-; приемки Системы; Происхождение",1,6.022
Профстандарт,Системный аналитик,Техническое сопровождение проектирования Системы,6.022,"Трудовая функция: Постановка задачи на приобретение,; разработку, доработку или интеграцию Уровень; Наименование Код A/06.4 4; элемента поставки, разработка квалификации; требований к нему; Происхождение обобщенной Заи",1,6.022
Профстандарт,Системный аналитик,Техническое сопровождение проектирования Системы,6.022,Трудовая функция: Сопровождение разработанных Уровень; Наименование Код A/07.4 4; требований и проектных решений квалификации; Происхождение обобщенной Заимствовано из; Оригинал X 233; трудовой функции оригинала; Код Р,1,6.022
Профстандарт,Системный аналитик,Техническое сопровождение проектирования Системы,6.022,Трудовая функция: Выполнение предварительных; испытаний разработанного или; Уровень; Наименование интегрированного элемента поставки на Код A/08.4 4; квалификации; соответствие разработанным; требованиям к нему; Происх,1,6.022
Профстандарт,Системный аналитик,Техническое сопровождение проектирования Системы,6.022,Трудовая функция: Разработка эксплуатационной; документации по Системе в рамках Уровень; Наименование Код A/09.4 4; надзора за реализацией требований к квалификации; элементу поставки; Происхождение обобщенной Заимство,1,6.022
Профстандарт,Системный аналитик,Техническое проектирование Системы и сопровождение,6.022,"Трудовая функция: Выделение и систематизация; установленных фактов, требований и; проектных решений, открытых; вопросов и противоречий на основе Уровень; Наименование Код B/01.5 5; изучения и анализа собранных квалифик",1,6.022
Профстандарт,Системный аналитик,Техническое проектирование Системы и сопровождение,6.022,Трудовая функция: Уровень; Наименование Логическое проектирование Системы Код B/02.5 5; квалификации; Происхождение обобщенной Заимствовано из; Оригинал X 233; трудовой функции оригинала; Код Регистрационный номер; ори,1,6.022
Профстандарт,Системный аналитик,Техническое проектирование Системы и сопровождение,6.022,Трудовая функция: Разработка технических (включающих; Уровень; Наименование детали реализации) решений по Код B/03.5 5; квалификации; Системе; Происхождение обобщенной Заимствовано из; Оригинал X 233; трудовой функции ,1,6.022
Профстандарт,Системный аналитик,Техническое проектирование Системы и сопровождение,6.022,"Трудовая функция: Постановка задачи на приобретение,; разработку, доработку или интеграцию Уровень; Наименование Код B/04.5 5; подсистемы, разработка требований к квалификации; ней; Происхождение обобщенной Заимствован",1,6.022
Профстандарт,Системный аналитик,Техническое проектирование Системы и сопровождение,6.022,Трудовая функция: Согласование разработанных; проектных решений и требований к; Уровень; Наименование Системе с согласующими лицами и Код B/05.5 5; квалификации; передача их заинтересованным; сторонам; Происхождение об,1,6.022
Профстандарт,Системный аналитик,Техническое проектирование Системы и сопровождение,6.022,Трудовая функция: Управление изменениями проектных; Уровень; Наименование решений по Системе и требований к Код B/06.5 5; квалификации; Системе и ее частям; Происхождение обобщенной Заимствовано из; Оригинал X 233; тру,1,6.022
Профстандарт,Системный аналитик,Техническое проектирование Системы и сопровождение,6.022,Трудовая функция: Сопровождение испытаний; развернутой подсистемы или очереди; Уровень; Наименование Системы на соответствие Код B/07.5 5; квалификации; разработанным требованиям к; подсистеме; Происхождение обобщенной,1,6.022
Профстандарт,Системный аналитик,Техническое проектирование Системы и сопровождение,6.022,Трудовая функция: Сопровождение разработанных; требований к Системе или ее частям и Уровень; Наименование Код B/08.5 5; проектных решений по Системе или ее квалификации; части; Происхождение обобщенной Заимствовано из;,1,6.022
Профстандарт,Системный аналитик,Концептуально-логическое проектирование Системы и,6.022,Трудовая функция: Выявление требований к Системе и Уровень; Наименование Код C/01.6 6; проектных решений по Системе квалификации; Происхождение обобщенной Заимствовано из; Оригинал X 233; трудовой функции оригинала; Ко,1,6.022
Профстандарт,Системный аналитик,Концептуально-логическое проектирование Системы и,6.022,Трудовая функция: Выполнение обследования текущей Уровень; Наименование Код C/02.6 6; ситуации квалификации; Происхождение обобщенной Заимствовано из; Оригинал X 233; трудовой функции оригинала; Код Регистрационный ном,1,6.022
Профстандарт,Системный аналитик,Концептуально-логическое проектирование Системы и,6.022,Трудовая функция: Концептуально-логическое Уровень; Наименование Код C/03.6 6; проектирование Системы квалификации; Происхождение обобщенной Заимствовано из; Оригинал X 233; трудовой функции оригинала; Код Регистрацион,1,6.022
Профстандарт,Системный аналитик,Концептуально-логическое проектирование Системы и,6.022,Трудовая функция: Уровень; Наименование Поддержка выбора концепции Системы Код C/04.6 6; квалификации; Происхождение обобщенной Заимствовано из; Оригинал X 233; трудовой функции оригинала; Код Регистрационный номер; ор,1,6.022
Профстандарт,Системный аналитик,Концептуально-логическое проектирование Системы и,6.022,Трудовая функция: Разработка технического задания на Уровень; Наименование Код C/05.6 6; Систему квалификации; Происхождение обобщенной Заимствовано из; Оригинал X 233; трудовой функции оригинала; Код Регистрационный н,1,6.022
Профстандарт,Системный аналитик,Концептуально-логическое проектирование Системы и,6.022,Трудовая функция: Методическое сопровождение Уровень; Наименование Код C/06.6 6; испытаний Системы квалификации; Происхождение обобщенной Заимствовано из; Оригинал X 233; трудовой функции оригинала; Код Регистрационный,1,6.022
Профстандарт,Системный аналитик,Управление работами системных аналитиков на всем,6.022,Трудовая функция: Планирование и организация работ; Уровень; Наименование подчиненных системных аналитиков на Код D/01.7 7; квалификации; всем жизненном цикле Системы; Происхождение обобщенной Заимствовано из; Оригинал,1,6.022
Профстандарт,Системный аналитик,Управление работами системных аналитиков на всем,6.022,Трудовая функция: Разработка методик выполнения работ; подчиненными системными Уровень; Наименование Код D/02.7 7; аналитиками на всем жизненном цикле квалификации; Системы; Происхождение обобщенной Заимствовано из; Ор,1,6.022
Профстандарт,Системный аналитик,Управление работами системных аналитиков на всем,6.022,"Трудовая функция: Контроль и координация работ,; Уровень; Наименование выполняемых подчиненными Код D/03.7 7; квалификации; системными аналитиками; Происхождение обобщенной Заимствовано из; Оригинал X 233; трудовой фун",1,6.022
Профстандарт,Системный аналитик,Управление работами системных аналитиков на всем,6.022,Трудовая функция: Обучение подчиненных системных; Уровень; Наименование аналитиков в ходе выполнения ими Код D/04.7 7; квалификации; работ; Происхождение обобщенной Заимствовано из; Оригинал X 233; трудовой функции ори,1,6.022
Профстандарт,Программист,Разработка и отладка программного кода,6.001,Трудовая функция: Формализация и алгоритмизация; Уровень; Наименование поставленных задач для разработки Код А/01.3 3; квалификации; программного кода; Происхождение обобщенной Заимствовано из; Оригинал X 4; трудовой ф,1,6.001
Профстандарт,Программист,Разработка и отладка программного кода,6.001,"Трудовая функция: Написание программного кода с; использованием языков; Уровень; Наименование программирования, определения и Код А/02.3 3; квалификации; манипулирования данными в базах; данных; Происхождение обобщенно",1,6.001
Профстандарт,Программист,Разработка и отладка программного кода,6.001,Трудовая функция: Оформление программного кода в; Уровень; Наименование соответствии с установленными Код А/03.3 3; квалификации; требованиями; Происхождение обобщенной Заимствовано из; Оригинал X 4; трудовой функции о,1,6.001
Профстандарт,Программист,Разработка и отладка программного кода,6.001,Трудовая функция: Работа с системой управления версиями Уровень; Наименование Код А/04.3 3; программного кода квалификации; Происхождение обобщенной Заимствовано из; Оригинал X 4; трудовой функции оригинала; Код Регист,1,6.001
Профстандарт,Программист,Разработка и отладка программного кода,6.001,Трудовая функция: Уровень; Наименование Проверка и отладка программного кода Код А/05.3 3; квалификации; Происхождение обобщенной Заимствовано из; Оригинал X 4; трудовой функции оригинала; Код Регистрационный номер; ор,1,6.001
Профстандарт,Программист,Проверка работоспособности и рефакторинг кода,6.001,Трудовая функция: Наименование Разработка процедур проверки Код B/01.4 Уровень 4; работоспособности и измерения; характеристик компьютерного квалификации; программного обеспечения; Происхождение обобщенной Заимствовано,1,6.001
Профстандарт,Программист,Проверка работоспособности и рефакторинг кода,6.001,Трудовая функция: Разработка тестовых наборов данных; для проверки работоспособности Уровень; Наименование Код B/02.4 4; компьютерного программного квалификации; обеспечения; Происхождение обобщенной Заимствовано из; О,1,6.001
Профстандарт,Программист,Проверка работоспособности и рефакторинг кода,6.001,Трудовая функция: Проверка работоспособности; Уровень; Наименование компьютерного программного Код B/03.4 4; квалификации; обеспечения; Происхождение обобщенной Заимствовано из; Оригинал X 4; трудовой функции оригинала,1,6.001
Профстандарт,Программист,Проверка работоспособности и рефакторинг кода,6.001,"Трудовая функция: Рефакторинг, оптимизация и инспекция Уровень; Наименование Код B/04.4 4; программного кода квалификации; Происхождение обобщенной Заимствовано из; Оригинал X 4; трудовой функции оригинала; Код Регистр",1,6.001
Профстандарт,Программист,Проверка работоспособности и рефакторинг кода,6.001,"Трудовая функция: Исправление дефектов программного; Уровень; Наименование кода, зафиксированных в базе данных Код B/05.4 4; квалификации; дефектов; Происхождение обобщенной Заимствовано из; Оригинал X 4; трудовой функ",1,6.001
Профстандарт,Программист,Проверка работоспособности и рефакторинг кода,6.001,Трудовая функция: Осуществление сборки однородных; Уровень; Наименование программных модулей в программный Код B/06.4 4; квалификации; проект; Происхождение обобщенной Заимствовано из; Оригинал X 4; трудовой функции ор,1,6.001
Профстандарт,Программист,Интеграция программных модулей и компонентов и,6.001,Трудовая функция: Разработка процедур интеграции Уровень; Наименование Код С/01.5 5; программных модулей квалификации; Происхождение обобщенной Заимствовано из; Оригинал X 4; трудовой функции оригинала; Код Регистрацио,1,6.001
Профстандарт,Программист,Интеграция программных модулей и компонентов и,6.001,Трудовая функция: Осуществление интеграции; программных модулей и компонентов и Уровень; Наименование Код С/02.5 5; проверки работоспособности выпусков квалификации; программного продукта; Происхождение обобщенной Заим,1,6.001
Профстандарт,Программист,Разработка требований и проектирование программного,6.001,Трудовая функция: Анализ возможностей реализации; Уровень; Наименование требований к компьютерному Код D/01.6 6; квалификации; программному обеспечению; Происхождение обобщенной Заимствовано из; Оригинал X 4; трудовой ,1,6.001
Профстандарт,Программист,Разработка требований и проектирование программного,6.001,Трудовая функция: Разработка технических спецификаций; Уровень; Наименование на программные компоненты и их Код D/02.6 6; квалификации; взаимодействие; Происхождение обобщенной Заимствовано из; Оригинал X 4; трудовой ф,1,6.001
Профстандарт,Программист,Разработка требований и проектирование программного,6.001,Трудовая функция: Проектирование компьютерного Уровень; Наименование Код D/03.6 6; программного обеспечения квалификации; Происхождение обобщенной Заимствовано из; Оригинал X 4; трудовой функции оригинала; Код Регистра,1,6.001
Вакансия,архитектор ПО,skill,C++,,1,C++
Вакансия,архитектор ПО,skill,CI/CD,,1,CI/CD
Вакансия,архитектор ПО,skill,Go,,2,Go
Вакансия,архитектор ПО,skill,Grafana,,1,Grafana
Вакансия,архитектор ПО,skill,Kafka,,1,Kafka
Вакансия,архитектор ПО,skill,PostgreSQL,,1,PostgreSQL
Вакансия,архитектор ПО,skill,Prometheus,,1,Prometheus
Вакансия,архитектор ПО,skill,Python,,2,Python
Вакансия,архитектор ПО,skill,SQL,,3,SQL
Вакансия,программист,skill,1С,,5,1С
Вакансия,программист,skill,Azure,,1,Azure
Вакансия,программист,skill,C#,,4,C#
Вакансия,программист,skill,C++,,7,C++
Вакансия,программист,skill,CI/CD,,4,CI/CD
Вакансия,программист,skill,Docker,,2,Docker
Вакансия,программист,skill,Git,,5,Git
Вакансия,программист,skill,Go,,11,Go
Вакансия,программист,skill,Grafana,,1,Grafana
Вакансия,программист,skill,Java,,11,Java
Вакансия,программист,skill,JavaScript,,3,JavaScript
Вакансия,программист,skill,Kafka,,4,Kafka
Вакансия,программист,skill,Kotlin,,1,Kotlin
Вакансия,программист,skill,Kubernetes,,1,Kubernetes
Вакансия,программист,skill,Linux,,1,Linux
Вакансия,программист,skill,PHP,,2,PHP
Вакансия,программист,skill,PostgreSQL,,6,PostgreSQL
Вакансия,программист,skill,Prometheus,,1,Prometheus
Вакансия,программист,skill,Python,,12,Python
Вакансия,программист,skill,React,,1,React
Вакансия,программист,skill,Redis,,1,Redis
Вакансия,программист,skill,SQL,,17,SQL
Вакансия,программист,skill,Swift,,3,Swift
Вакансия,программист,skill,Terraform,,1,Terraform
Вакансия,программист,skill,TypeScript,,3,TypeScript
Вакансия,системный аналитик,skill,1С,,3,1С
Вакансия,системный аналитик,skill,Ansible,,1,Ansible
Вакансия,системный аналитик,skill,Azure,,1,Azure
Вакансия,системный аналитик,skill,C++,,2,C++
Вакансия,системный аналитик,skill,CI/CD,,3,CI/CD
Вакансия,системный аналитик,skill,Git,,4,Git
Вакансия,системный аналитик,skill,Go,,9,Go
Вакансия,системный аналитик,skill,Grafana,,2,Grafana
Вакансия,системный аналитик,skill,Java,,4,Java
Вакансия,системный аналитик,skill,JavaScript,,1,JavaScript
Вакансия,системный аналитик,skill,Kafka,,3,Kafka
Вакансия,системный аналитик,skill,Linux,,1,Linux
Вакансия,системный аналитик,skill,PostgreSQL,,5,PostgreSQL
Вакансия,системный аналитик,skill,Prometheus,,1,Prometheus
Вакансия,системный аналитик,skill,Python,,14,Python
Вакансия,системный аналитик,skill,SQL,,20,SQL
Вакансия,системный аналитик,skill,Terraform,,1,Terraform
